Rank,Title,Year,IMDb Rating,Votes,Runtime,Certificate,Description,Link,min_age,is_16_plus,inferred_genres,primary_genre
1,The Shawshank Redemption,1994,9.3,3081689,2h 22m,R,"A banker convicted of uxoricide forms a friendship over a quarter century with a hardened convict, while maintaining his innocence and trying to remain hopeful through simple compassion.",https://www.imdb.com/title/tt0111161/,17.0,True,[],Unknown
2,The Godfather,1972,9.2,2149202,2h 55m,R,The aging patriarch of an organized crime dynasty transfers control of his clandestine empire to his reluctant son.,https://www.imdb.com/title/tt0068646/,17.0,True,"['Crime', 'History']",Crime
3,The Dark Knight,2008,9.1,3056543,2h 32m,PG-13,"When a menace known as the Joker wreaks havoc and chaos on the people of Gotham, Batman, James Gordon and Harvey Dent must work together to put an end to the madness.",https://www.imdb.com/title/tt0468569/,10.0,False,[],Unknown
4,The Godfather Part II,1974,9.0,1445413,3h 22m,R,"The early life and career of Vito Corleone in 1920s New York City is portrayed, while his son, Michael, expands and tightens his grip on the family crime syndicate.",https://www.imdb.com/title/tt0071562/,17.0,True,"['Drama', 'Crime']",Drama
5,12 Angry Men,1957,9.0,941911,1h 36m,Approved,The jury in a New York City murder trial is frustrated by a single member whose skeptical caution forces them to more carefully consider the evidence before jumping to a hasty verdict.,https://www.imdb.com/title/tt0050083/,,False,['Crime'],Crime
6,The Lord of the Rings: The Return of the King,2003,9.0,2098477,3h 21m,PG-13,Gandalf and Aragorn lead the World of Men against Sauron&apos;s army to draw his gaze from Frodo and Sam as they approach Mount Doom with the One Ring.,https://www.imdb.com/title/tt0167260/,10.0,False,[],Unknown
7,Schindler's List,1993,9.0,1539209,3h 15m,R,"In German-occupied Poland during World War II, industrialist Oskar Schindler gradually becomes concerned for his Jewish workforce after witnessing their persecution by the Nazis.",https://www.imdb.com/title/tt0108052/,17.0,True,['War'],War
8,Pulp Fiction,1994,8.8,2359024,2h 34m,R,"The lives of two mob hitmen, a boxer, a gangster and his wife, and a pair of diner bandits intertwine in four tales of violence and redemption.",https://www.imdb.com/title/tt0110912/,17.0,True,['Crime'],Crime
9,The Lord of the Rings: The Fellowship of the Ring,2001,8.9,2130737,2h 58m,PG-13,A meek Hobbit from the Shire and eight companions set out on a journey to destroy the powerful One Ring and save Middle-earth from the Dark Lord Sauron.,https://www.imdb.com/title/tt0120737/,10.0,False,['Drama'],Drama
10,"The Good, the Bad and the Ugly",1966,8.8,864370,2h 58m,R,A bounty-hunting scam joins two men in an uneasy alliance against a third in a race to find a fortune in gold buried in a remote cemetery.,https://www.imdb.com/title/tt0060196/,17.0,True,[],Unknown
11,Forrest Gump,1994,8.8,2406877,2h 22m,PG-13,"The history of the United States from the 1950s to the &apos;70s unfolds from the perspective of an Alabama man with an IQ of 75, who yearns to be reunited with his childhood sweetheart.",https://www.imdb.com/title/tt0109830/,10.0,False,"['Romance', 'History']",Romance
12,The Lord of the Rings: The Two Towers,2002,8.8,1892764,2h 59m,PG-13,"While Frodo and Sam edge closer to Mordor with the help of the shifty Gollum, the divided fellowship makes a stand against Sauron&apos;s new ally, Saruman, and his hordes of Isengard.",https://www.imdb.com/title/tt0167261/,10.0,False,[],Unknown
13,Fight Club,1999,8.8,2499575,2h 19m,R,An insomniac office worker and a devil-may-care soap maker form an underground fight club that evolves into much more.,https://www.imdb.com/title/tt0137523/,17.0,True,['Action'],Action
14,Inception,2010,8.8,2715348,2h 28m,PG-13,"A thief who steals corporate secrets through the use of dream-sharing technology is given the inverse task of planting an idea into the mind of a C.E.O., but his tragic past may doom the project and his team to disaster.",https://www.imdb.com/title/tt1375666/,10.0,False,[],Unknown
15,Star Wars: Episode V - The Empire Strikes Back,1980,8.7,1459151,2h 4m,PG,"After the Empire overpowers the Rebel Alliance, Luke Skywalker begins training with Jedi Master Yoda, while Darth Vader and bounty hunter Boba Fett pursue his friends across the galaxy.",https://www.imdb.com/title/tt0080684/,10.0,False,['History'],History
16,The Matrix,1999,8.7,2176815,2h 16m,R,"When a beautiful stranger leads computer hacker Neo to a forbidding underworld, he discovers the shocking truth--the life he knows is the elaborate deception of an evil cyber-intelligence.",https://www.imdb.com/title/tt0133093/,17.0,True,['Drama'],Drama
17,Goodfellas,1990,8.7,1341988,2h 25m,R,"The story of Henry Hill and his life in the mafia, covering his relationship with his wife Karen and his mob partners Jimmy Conway and Tommy DeVito.",https://www.imdb.com/title/tt0099685/,17.0,True,"['Drama', 'Crime', 'Romance']",Drama
18,Interstellar,2014,8.7,2385787,2h 49m,PG-13,"When Earth becomes uninhabitable in the future, a farmer and ex-NASA pilot, Joseph Cooper, is tasked to pilot a spacecraft, along with a team of researchers, to find a new planet for humans.",https://www.imdb.com/title/tt0816692/,10.0,False,['Sci-Fi'],Sci-Fi
19,One Flew Over the Cuckoo's Nest,1975,8.7,1127314,2h 13m,R,"A rebellious convict is sent to a psychiatric hospital for evaluation in 1963 Oregon, and encourages his docile companions to take more control of their lives and defy the tyrannical head nurse.",https://www.imdb.com/title/tt0073486/,17.0,True,[],Unknown
20,Se7en,1995,8.6,1936256,2h 7m,R,"Two detectives, a rookie and a veteran, hunt a serial killer who uses the seven deadly sins as his motives.",https://www.imdb.com/title/tt0114369/,17.0,True,"['Crime', 'Horror', 'War']",Crime
21,It's a Wonderful Life,1946,8.6,532494,2h 10m,PG,An angel is sent from Heaven to help a desperately frustrated businessman by showing him what life would have been like if he had never existed.,https://www.imdb.com/title/tt0038650/,10.0,False,['Drama'],Drama
22,The Silence of the Lambs,1991,8.6,1654479,1h 58m,R,"A young F.B.I. cadet must receive the help of an incarcerated and manipulative cannibal killer to help catch another serial killer, a madman who skins his victims.",https://www.imdb.com/title/tt0102926/,17.0,True,['Horror'],Horror
23,Seven Samurai,1954,8.6,389119,3h 27m,Not Rated,"Farmers from a village exploited by bandits hire a veteran samurai for protection, and he gathers six other samurai to join him.",https://www.imdb.com/title/tt0047478/,,False,['War'],War
24,Saving Private Ryan,1998,8.6,1586106,2h 49m,R,"Following the Normandy Landings, a group of U.S. soldiers go behind enemy lines to retrieve a paratrooper whose comrades have been killed in action.",https://www.imdb.com/title/tt0120815/,17.0,True,"['Action', 'War']",Action
25,The Green Mile,1999,8.6,1503474,3h 9m,R,A death row guard learns that a gentle giant in his charge possesses a mysterious gift.,https://www.imdb.com/title/tt0120689/,17.0,True,['Mystery'],Mystery
26,City of God,2002,8.6,845663,2h 10m,R,"In the slums of Rio, two kids&apos; paths diverge as one struggles to become a photographer and the other a kingpin.",https://www.imdb.com/title/tt0317248/,17.0,True,['Drama'],Drama
27,Life Is Beautiful,1997,8.6,786472,1h 56m,PG-13,"When an open-minded Jewish waiter and his son become victims of the Holocaust, he uses a perfect mixture of will, humor and imagination to protect his son from the dangers around their camp.",https://www.imdb.com/title/tt0118799/,10.0,False,['Comedy'],Comedy
28,Terminator 2: Judgment Day,1991,8.6,1245274,2h 17m,R,"A cyborg, identical to the one who failed to kill Sarah Connor, must now protect her ten year old son John from an even more advanced and powerful cyborg.",https://www.imdb.com/title/tt0103064/,17.0,True,['Sci-Fi'],Sci-Fi
29,Star Wars: Episode IV - A New Hope,1977,8.6,1525945,2h 1m,PG,"Luke Skywalker joins forces with a Jedi Knight, a cocky pilot, a Wookiee and two droids to save the galaxy from the Empire&apos;s world-destroying battle station, while also attempting to rescue Princess Leia from the mysterious Darth ...",https://www.imdb.com/title/tt0076759/,10.0,False,"['Action', 'History', 'War']",Action
30,Back to the Future,1985,8.5,1394847,1h 56m,PG,"Marty McFly, a 17-year-old high school student, is accidentally sent 30 years into the past in a time-traveling DeLorean invented by his close friend, the maverick scientist Doc Brown.",https://www.imdb.com/title/tt0088763/,10.0,False,[],Unknown
31,Spirited Away,2001,8.6,924374,2h 4m,PG,"During her family&apos;s move to the suburbs, a sullen 10-year-old girl wanders into a world ruled by gods, witches and spirits, and where humans are changed into beasts.",https://www.imdb.com/title/tt0245429/,10.0,False,['Drama'],Drama
32,The Pianist,2002,8.5,978768,2h 30m,R,"During WWII, acclaimed Polish musician Wladyslaw faces various struggles as he loses contact with his family. As the situation worsens, he hides in the ruins of Warsaw in order to survive.",https://www.imdb.com/title/tt0253474/,17.0,True,"['Drama', 'War']",Drama
33,Gladiator,2000,8.5,1783632,2h 35m,R,A former Roman General sets out to exact vengeance against the corrupt emperor who murdered his family and sent him into slavery.,https://www.imdb.com/title/tt0172495/,17.0,True,"['Drama', 'Crime']",Drama
34,Parasite,2019,8.5,1088054,2h 12m,R,Greed and class discrimination threaten the newly formed symbiotic relationship between the wealthy Park family and the destitute Kim clan.,https://www.imdb.com/title/tt6751668/,17.0,True,"['Drama', 'Romance']",Drama
35,Psycho,1960,8.5,760134,1h 49m,R,A secretary on the run for embezzlement takes refuge at a secluded California motel owned by a repressed man and his overbearing mother.,https://www.imdb.com/title/tt0054215/,17.0,True,[],Unknown
36,The Lion King,1994,8.5,1216385,1h 28m,G,"Lion prince Simba and his father are targeted by his bitter uncle, who wants to ascend the throne himself.",https://www.imdb.com/title/tt0110357/,0.0,False,[],Unknown
37,Grave of the Fireflies,1988,8.5,357816,1h 28m,Not Rated,A young boy and his little sister struggle to survive in Japan during World War II.,https://www.imdb.com/title/tt0095327/,,False,"['Drama', 'War']",Drama
38,The Departed,2006,8.5,1503649,2h 31m,R,An undercover cop and a mole in the police attempt to identify each other while infiltrating an Irish gang in South Boston.,https://www.imdb.com/title/tt0407887/,17.0,True,['Crime'],Crime
39,Whiplash,2014,8.5,1091681,1h 46m,R,A promising young drummer enrolls at a cut-throat music conservatory where his dreams of greatness are mentored by an instructor who will stop at nothing to realize a student&apos;s potential.,https://www.imdb.com/title/tt2582802/,17.0,True,[],Unknown
40,Harakiri,1962,8.6,82081,2h 13m,Not Rated,"When a ronin requesting seppuku at a feudal lord&apos;s palace is told of the brutal suicide of another ronin who previously visited, he reveals how their pasts are intertwined - and in doing so challenges the clan&apos;s integrity.",https://www.imdb.com/title/tt0056058/,,False,[],Unknown
41,The Prestige,2006,8.5,1532301,2h 10m,PG-13,Rival 19th-century magicians engage in a bitter battle for trade secrets.,https://www.imdb.com/title/tt0482571/,10.0,False,"['Action', 'Fantasy', 'War']",Action
42,American History X,1998,8.5,1241000,1h 59m,R,"Living a life marked by violence, neo-Nazi Derek finally goes to prison after killing two black youths. Upon his release, Derek vows to change; he hopes to prevent his brother, Danny, who idolizes Derek, from following in his foot...",https://www.imdb.com/title/tt0120586/,17.0,True,['Drama'],Drama
43,Léon: The Professional,1994,8.5,1314235,1h 50m,R,An Italian hit man protects a New York orphan.,https://www.imdb.com/title/tt0110413/,17.0,True,[],Unknown
44,Spider-Man: Across the Spider-Verse,2023,8.5,472889,2h 20m,PG,"Traveling across the multiverse, Miles Morales meets a new team of Spider-People, made up of heroes from different dimensions. But when the heroes clash over how to deal with a new threat, Miles finds himself at a crossroads.",https://www.imdb.com/title/tt9362722/,10.0,False,[],Unknown
45,Casablanca,1942,8.5,637694,1h 42m,PG,A cynical expatriate American cafe owner struggles to decide whether or not to help his former lover and her fugitive husband escape the Nazis in French Morocco.,https://www.imdb.com/title/tt0034583/,10.0,False,"['Drama', 'Romance']",Drama
46,Cinema Paradiso,1988,8.5,305067,2h 54m,PG,"Salvatore, a famous film director, returns to his hometown for the funeral of the local theater&apos;s film projectionist, Alfredo. He reminisces about his life as a young boy falling in love with cinema.",https://www.imdb.com/title/tt0095765/,10.0,False,"['Drama', 'Romance']",Drama
47,The Usual Suspects,1995,8.5,1200275,1h 46m,R,The sole survivor of a pier shoot-out tells the story of how a notorious criminal influenced the events that began with five criminals meeting in a seemingly random police lineup.,https://www.imdb.com/title/tt0114814/,17.0,True,['Crime'],Crime
48,The Intouchables,2011,8.5,989428,1h 52m,R,"After he becomes a quadriplegic from a paragliding accident, an aristocrat hires a young man from the projects to be his caregiver.",https://www.imdb.com/title/tt1675434/,17.0,True,[],Unknown
49,Alien,1979,8.5,1027102,1h 57m,R,"After investigating a mysterious transmission of unknown origin, the crew of a commercial spacecraft encounters a deadly lifeform.",https://www.imdb.com/title/tt0078748/,17.0,True,"['Drama', 'Sci-Fi', 'Mystery']",Drama
50,Modern Times,1936,8.5,275863,1h 27m,G,The Tramp struggles to live in modern industrial society with the help of a young homeless woman.,https://www.imdb.com/title/tt0027977/,0.0,False,['Drama'],Drama
51,Rear Window,1954,8.5,552823,1h 52m,PG,A bored photographer recovering from a broken leg passes the time by watching his neighbors and begins to suspect one of them of murder.,https://www.imdb.com/title/tt0047396/,10.0,False,['Crime'],Crime
52,Django Unchained,2012,8.5,1812374,2h 45m,R,"With the help of a German bounty-hunter, a freed slave sets out to rescue his wife from a brutal plantation owner in Mississippi.",https://www.imdb.com/title/tt1853728/,17.0,True,[],Unknown
53,Once Upon a Time in the West,1968,8.5,372421,2h 46m,PG-13,A mysterious stranger with a harmonica teams up with a notorious desperado to protect a beautiful widow and her land from a ruthless assassin in the employ of a railroad tycoon.,https://www.imdb.com/title/tt0064116/,10.0,False,"['Action', 'Mystery']",Action
54,City Lights,1931,8.5,208955,1h 27m,G,"With the aid of a wealthy erratic tippler, a dewy-eyed tramp who has fallen in love with a sightless flower girl accumulates money to be able to help her medically.",https://www.imdb.com/title/tt0021749/,0.0,False,['Romance'],Romance
55,Apocalypse Now,1979,8.4,749030,2h 27m,R,A U.S. Army officer serving in Vietnam is tasked with assassinating a renegade Special Forces Colonel who sees himself as a god.,https://www.imdb.com/title/tt0078788/,17.0,True,['Action'],Action
56,WALL·E,2008,8.4,1275043,1h 38m,G,"A robot who is responsible for cleaning a waste-covered Earth meets another robot and falls in love with her. Together, they set out on a journey that will alter the fate of mankind.",https://www.imdb.com/title/tt0910970/,0.0,False,"['Drama', 'Romance', 'Sci-Fi']",Drama
57,Memento,2000,8.4,1392461,1h 53m,R,A former insurance investigator who now suffers from anterograde amnesia uses notes and tattoos to hunt down his wife&apos;s murderer.,https://www.imdb.com/title/tt0209144/,17.0,True,['Crime'],Crime
58,Dune: Part Two,2024,8.5,655789,2h 46m,PG-13,"Paul Atreides unites with the Fremen while on a warpath of revenge against the conspirators who destroyed his family. Facing a choice between the love of his life and the fate of the universe, he endeavors to prevent a terrible fu...",https://www.imdb.com/title/tt15239678/,10.0,False,"['Drama', 'Romance', 'War']",Drama
59,Raiders of the Lost Ark,1981,8.4,1083636,1h 55m,PG,"In 1936, archaeologist Indiana Jones is tasked by Army Intelligence to help locate a legendary ancient power, the Ark of Covenant, before the Nazis get it first.",https://www.imdb.com/title/tt0082971/,10.0,False,[],Unknown
60,Avengers: Infinity War,2018,8.4,1308933,2h 29m,PG-13,The Avengers and their allies must be willing to sacrifice all in an attempt to defeat the powerful Thanos before his blitz of devastation and ruin puts an end to the universe.,https://www.imdb.com/title/tt4154756/,10.0,False,[],Unknown
61,The Lives of Others,2006,8.4,431168,2h 17m,R,"In 1984 East Berlin, an agent of the secret police conducting surveillance on a writer and his lover finds himself becoming increasingly absorbed by their lives.",https://www.imdb.com/title/tt0405094/,17.0,True,"['Crime', 'Romance']",Crime
62,Sunset Boulevard,1950,8.4,251449,1h 50m,Approved,A screenwriter develops a dangerous relationship with a faded film star determined to make a triumphant return.,https://www.imdb.com/title/tt0043014/,,False,"['Drama', 'Romance']",Drama
63,Spider-Man: Into the Spider-Verse,2018,8.4,745332,1h 57m,PG,Teen Miles Morales becomes the Spider-Man of his universe and must join with five spider-powered individuals from other dimensions to stop a threat for all realities.,https://www.imdb.com/title/tt4633694/,10.0,False,[],Unknown
64,Witness for the Prosecution,1957,8.4,152509,1h 56m,Approved,A veteran British barrister must defend his client in a murder trial that has surprise after surprise.,https://www.imdb.com/title/tt0051201/,,False,"['Crime', 'War']",Crime
65,Paths of Glory,1957,8.4,228938,1h 28m,Approved,A colonel defends three of his soldiers in a court-martial after they abandon a suicidal attack.,https://www.imdb.com/title/tt0050825/,,False,"['Action', 'War']",Action
66,The Shining,1980,8.4,1179054,2h 26m,R,"A family heads to an isolated hotel for the winter, where a sinister presence influences the father into violence. At the same time, his psychic son sees horrifying forebodings from both the past and the future.",https://www.imdb.com/title/tt0081505/,17.0,True,"['Drama', 'Sci-Fi']",Drama
67,The Great Dictator,1940,8.4,250934,2h 5m,G,Dictator Adenoid Hynkel tries to expand his empire while a poor Jewish barber tries to avoid persecution from Hynkel&apos;s regime.,https://www.imdb.com/title/tt0032553/,0.0,False,['History'],History
68,12th Fail,2023,8.7,153496,2h 27m,,The real-life story of IPS Officer Manoj Kumar Sharma and IRS Officer Shraddha Joshi.,https://www.imdb.com/title/tt23849204/,,False,['Drama'],Drama
69,Inglourious Basterds,2009,8.4,1706429,2h 33m,R,"In Nazi-occupied France during World War II, a plan to assassinate Nazi leaders by a group of Jewish U.S. soldiers coincides with a theatre owner&apos;s vengeful plans for the same.",https://www.imdb.com/title/tt0361748/,17.0,True,"['Action', 'War']",Action
70,Aliens,1986,8.4,815831,2h 17m,R,"Decades after surviving the Nostromo incident, Ellen Ripley is sent out to re-establish contact with a terraforming colony but finds herself battling the Alien Queen and her offspring.",https://www.imdb.com/title/tt0090605/,17.0,True,['Sci-Fi'],Sci-Fi
71,The Dark Knight Rises,2012,8.4,1932963,2h 44m,PG-13,"Bane, an imposing terrorist, attacks Gotham City and disrupts its eight-year-long period of peace. This forces Bruce Wayne to come out of hiding and don the cape and cowl of Batman again.",https://www.imdb.com/title/tt1345836/,10.0,False,['History'],History
72,Coco,2017,8.4,663088,1h 45m,PG,"Aspiring musician Miguel, confronted with his family&apos;s ancestral ban on music, enters the Land of the Dead to find his great-great-grandfather, a legendary singer.",https://www.imdb.com/title/tt2380307/,10.0,False,"['Drama', 'Musical']",Drama
73,Amadeus,1984,8.4,452983,2h 40m,PG,"The life and work of Wolfgang Amadeus Mozart seen through the eyes of his contemporary and rival, Antonio Salieri.",https://www.imdb.com/title/tt0086879/,10.0,False,"['Drama', 'Crime']",Drama
74,Avengers: Endgame,2019,8.4,1380859,3h 1m,PG-13,"After the devastating events of Avengers: Infinity War (2018), the universe is in ruins. With the help of remaining allies, the Avengers assemble once more in order to reverse Thanos&apos; actions and restore balance to the universe.",https://www.imdb.com/title/tt4154796/,10.0,False,"['Action', 'War']",Action
75,Toy Story,1995,8.3,1134817,1h 21m,G,"A cowboy doll is profoundly jealous when a new spaceman action figure supplants him as the top toy in a boy&apos;s bedroom. When circumstances separate them from their owner, the duo have to put aside their differences to return to him.",https://www.imdb.com/title/tt0114709/,0.0,False,"['Action', 'Sci-Fi', 'Western']",Action
76,Good Will Hunting,1997,8.3,1153042,2h 6m,R,"A therapist counsels Will Hunting, a janitor with a genius IQ.",https://www.imdb.com/title/tt0119217/,17.0,True,[],Unknown
77,High and Low,1963,8.4,62588,2h 23m,Not Rated,An executive of a Yokohama shoe company becomes a victim of extortion when his chauffeur&apos;s son is kidnapped by mistake and held for ransom.,https://www.imdb.com/title/tt0057565/,,False,[],Unknown
78,Dr. Strangelove or: How I Learned to Stop Worrying and Love the Bomb,1964,8.3,541656,1h 35m,PG,"A mentally unstable American general orders a hydrogen bomb attack on the Soviet Union, triggering a path to global nuclear holocaust that a war room full of politicians and generals frantically tries to stop.",https://www.imdb.com/title/tt0057012/,10.0,False,['War'],War
79,Oldboy,2003,8.3,689012,2h,R,"After being kidnapped and imprisoned for fifteen years, Oh Dae-Su is released, only to find that he must track down his captor in five days.",https://www.imdb.com/title/tt0364569/,17.0,True,[],Unknown
80,Das Boot,1981,8.4,281315,2h 29m,,A German U-boat stalks the frigid waters of the North Atlantic as its young crew experience the sheer terror and claustrophobic life of a submariner in World War II.,https://www.imdb.com/title/tt0082096/,,False,"['Drama', 'Biography', 'War']",Drama
81,Braveheart,1995,8.3,1137447,2h 58m,R,Scottish warrior William Wallace leads his countrymen in a rebellion to free his homeland from the tyranny of King Edward I of England.,https://www.imdb.com/title/tt0112573/,17.0,True,"['Action', 'War']",Action
82,Your Name.,2016,8.4,366108,1h 46m,,"Two teenagers share a profound, magical connection upon discovering they are swapping bodies. Things manage to become even more complicated when the boy and girl decide to meet in person.",https://www.imdb.com/title/tt5311514/,,False,['Fantasy'],Fantasy
83,Princess Mononoke,1997,8.3,465892,2h 13m,PG-13,"While seeking to cure himself of a curse, young warrior Ashitaka stumbles into a conflict between the people of Iron Town and Princess Mononoke, a girl raised by wolves, who will stop at nothing to prevent the destruction of her h...",https://www.imdb.com/title/tt0119698/,10.0,False,"['Action', 'War']",Action
84,American Beauty,1999,8.3,1257027,2h 2m,R,A sexually frustrated suburban father has a mid-life crisis after becoming infatuated with his daughter&apos;s best friend.,https://www.imdb.com/title/tt0169547/,17.0,True,['Drama'],Drama
85,3 Idiots,2009,8.4,464858,2h 50m,PG-13,"Two friends are searching for their long lost companion. They revisit their college days and recall the memories of their friend who inspired them to think differently, even as the rest of the world called them &quot;idiots&quot;.",https://www.imdb.com/title/tt1187043/,10.0,False,[],Unknown
86,Joker,2019,8.3,1630723,2h 2m,R,"Arthur Fleck, a party clown and a failed stand-up comedian, leads an impoverished life with his ailing mother. However, when society shuns him and brands him as a freak, he decides to embrace the life of chaos in Gotham City.",https://www.imdb.com/title/tt7286456/,17.0,True,"['Drama', 'Biography']",Drama
87,Capernaum,2018,8.4,118192,2h 6m,R,"While serving a five-year sentence for a violent crime, a 12-year-old boy sues his parents for neglect.",https://www.imdb.com/title/tt8267604/,17.0,True,['Crime'],Crime
88,Once Upon a Time in America,1984,8.3,398699,3h 49m,R,"A former Prohibition-era Jewish gangster returns to the Lower East Side of Manhattan 35 years later, where he must once again confront the ghosts and regrets of his old life.",https://www.imdb.com/title/tt0087843/,17.0,True,"['Drama', 'Crime', 'Horror']",Drama
89,Singin' in the Rain,1952,8.3,275091,1h 43m,G,A silent film star falls for a chorus girl just as he and his delusionally jealous screen partner are trying to make the difficult transition to talking pictures in 1920s Hollywood.,https://www.imdb.com/title/tt0045152/,0.0,False,[],Unknown
90,Requiem for a Dream,2000,8.3,947452,1h 42m,NC-17,The drug-induced utopias of four Coney Island people are shattered when their addictions run deep.,https://www.imdb.com/title/tt0180093/,17.0,True,[],Unknown
91,Come and See,1985,8.3,114982,2h 22m,Not Rated,"After finding an old rifle, a young boy joins the Soviet resistance movement against ruthless German forces and experiences the horrors of World War II.",https://www.imdb.com/title/tt0091251/,,False,"['Horror', 'War']",Horror
92,Star Wars: Episode VI - Return of the Jedi,1983,8.3,1176966,2h 11m,PG,"After rescuing Han Solo from Jabba the Hutt, the Rebel Alliance attempts to destroy the second Death Star while Luke struggles to help Darth Vader back from the dark side.",https://www.imdb.com/title/tt0086190/,10.0,False,['Drama'],Drama
93,Toy Story 3,2010,8.3,940956,1h 43m,G,"The toys are mistakenly delivered to a day-care center instead of the attic right before Andy leaves for college, and it&apos;s up to Woody to convince the other toys that they weren&apos;t abandoned and to return home.",https://www.imdb.com/title/tt0435761/,0.0,False,[],Unknown
94,The Hunt,2012,8.3,393203,1h 55m,R,"A teacher lives a lonely life, all the while struggling over his son&apos;s custody. His life slowly gets better as he finds love and receives good news from his son, but his new luck is about to be brutally shattered by an innocent li...",https://www.imdb.com/title/tt2106476/,17.0,True,"['Drama', 'Romance']",Drama
95,Ikiru,1952,8.3,98237,2h 23m,Not Rated,A bureaucrat tries to find meaning in his life after he discovers he has terminal cancer.,https://www.imdb.com/title/tt0044741/,,False,['Drama'],Drama
96,Eternal Sunshine of the Spotless Mind,2004,8.3,1148097,1h 48m,R,"When their relationship turns sour, a couple undergoes a medical procedure to have each other erased from their memories forever.",https://www.imdb.com/title/tt0338013/,17.0,True,"['Drama', 'Romance']",Drama
97,Incendies,2010,8.3,233731,2h 11m,R,Twins journey to the Middle East to discover their family history and fulfill their mother&apos;s last wishes.,https://www.imdb.com/title/tt1255953/,17.0,True,"['Drama', 'History']",Drama
98,The Apartment,1960,8.3,211197,2h 5m,Approved,"A Manhattan insurance clerk tries to rise in his company by letting its executives use his apartment for trysts, but office politics and his own romantic hopes complicate matters.",https://www.imdb.com/title/tt0053604/,,False,['Romance'],Romance
99,2001: A Space Odyssey,1968,8.3,760634,2h 29m,G,"When a mysterious artifact is uncovered on the Moon, a spacecraft manned by two humans and one supercomputer is sent to Jupiter to find its origins.",https://www.imdb.com/title/tt0062622/,0.0,False,"['Sci-Fi', 'Mystery']",Sci-Fi
100,Lawrence of Arabia,1962,8.3,332242,3h 47m,PG,"The story of T.E. Lawrence, the English officer who successfully united and led the diverse, often warring, Arab tribes during World War I in order to fight the Turks.",https://www.imdb.com/title/tt0056172/,10.0,False,"['Action', 'War']",Action
101,Reservoir Dogs,1992,8.3,1142297,1h 39m,R,"When a simple jewelry heist goes horribly wrong, the surviving criminals begin to suspect that one of them is a police informant.",https://www.imdb.com/title/tt0105236/,17.0,True,['Crime'],Crime
102,Scarface,1983,8.3,978810,2h 50m,R,"In the 1980s, a determined criminal-minded Cuban immigrant becomes the biggest drug smuggler in Miami, and is eventually undone by his own drug addiction.",https://www.imdb.com/title/tt0086250/,17.0,True,['Crime'],Crime
103,Heat,1995,8.3,768951,2h 50m,R,A group of high-end professional thieves start to feel the heat from the LAPD when they unknowingly leave a verbal clue at their latest heist.,https://www.imdb.com/title/tt0113277/,17.0,True,['Crime'],Crime
104,Double Indemnity,1944,8.3,176380,1h 47m,Approved,"An insurance representative is seduced by a dissatisfied housewife into a scheme of insurance fraud and murder that arouses the suspicion of his colleague, a claims investigator.",https://www.imdb.com/title/tt0036775/,,False,['Crime'],Crime
105,North by Northwest,1959,8.3,362966,2h 16m,Approved,"A New York City advertising executive goes on the run after being mistaken for a government agent by a group of foreign spies, and falls for a woman whose loyalties he begins to doubt.",https://www.imdb.com/title/tt0053125/,,False,[],Unknown
106,Up,2009,8.3,1195479,1h 36m,PG,"78-year-old Carl Fredricksen travels to South America in his house equipped with balloons, inadvertently taking a young stowaway.",https://www.imdb.com/title/tt1049413/,10.0,False,[],Unknown
107,M,1931,8.3,178638,1h 39m,Passed,"When the police in a German city are unable to catch a child-murderer, other criminals join in the manhunt.",https://www.imdb.com/title/tt0022100/,,False,['Crime'],Crime
108,Citizen Kane,1941,8.3,484949,1h 59m,PG,"Following the death of publishing tycoon Charles Foster Kane, reporters scramble to uncover the meaning of his final utterance: &apos;Rosebud.&apos;",https://www.imdb.com/title/tt0033467/,10.0,False,[],Unknown
109,Full Metal Jacket,1987,8.2,829530,1h 56m,R,A pragmatic U.S. Marine observes the dehumanizing effects the Vietnam War has on his fellow recruits from their brutal boot camp training to the bloody street fighting in Hue.,https://www.imdb.com/title/tt0093058/,17.0,True,"['Action', 'War']",Action
110,Vertigo,1958,8.2,449215,2h 8m,PG,"A former San Francisco police detective juggles wrestling with his personal demons and becoming obsessed with the hauntingly beautiful woman he has been hired to trail, who may be deeply disturbed.",https://www.imdb.com/title/tt0052357/,10.0,False,"['Crime', 'Horror', 'Mystery']",Crime
111,Amélie,2001,8.3,823561,2h 2m,R,"Despite being caught in her imaginative world, young waitress Amelie decides to help people find happiness. Her quest to spread joy leads her on a journey during which she finds true love.",https://www.imdb.com/title/tt0211915/,17.0,True,"['Drama', 'Romance']",Drama
112,Like Stars on Earth,2007,8.3,222582,2h 42m,PG,A young boy is thought to be nothing but a lazy troublemaker until the new art teacher has the patience and compassion to discover the real problem behind his struggles in school.,https://www.imdb.com/title/tt0986264/,10.0,False,['Drama'],Drama
113,A Separation,2011,8.3,271762,2h 3m,PG-13,A married couple are faced with a difficult decision - to improve the life of their child by moving to another country or to stay in Iran and look after a deteriorating parent who has Alzheimer&apos;s disease.,https://www.imdb.com/title/tt1832382/,10.0,False,"['Drama', 'Biography']",Drama
114,To Kill a Mockingbird,1962,8.3,345456,2h 9m,Approved,A widowed lawyer in Depression-era Alabama defends a black man against a false rape charge while teaching his young children about the sad reality of prejudice.,https://www.imdb.com/title/tt0056592/,,False,[],Unknown
115,Die Hard,1988,8.2,997839,2h 12m,R,"A New York City cop, John McClane, tries to save his estranged wife and several others taken hostage by terrorists during a Christmas Eve party at the Nakatomi Plaza Skyscraper in Los Angeles, California.",https://www.imdb.com/title/tt0095016/,17.0,True,[],Unknown
116,Indiana Jones and the Last Crusade,1989,8.2,845193,2h 7m,PG-13,"In 1938, after his father goes missing while pursuing the Holy Grail, Indiana Jones finds himself up against the Nazis again to stop them from obtaining its powers.",https://www.imdb.com/title/tt0097576/,10.0,False,[],Unknown
117,The Sting,1973,8.2,292568,2h 9m,PG,Two grifters team up to pull off the ultimate con.,https://www.imdb.com/title/tt0070735/,10.0,False,[],Unknown
118,A Clockwork Orange,1971,8.2,917975,2h 16m,R,Alex DeLarge and his droogs barbarize a decaying near-future.,https://www.imdb.com/title/tt0066921/,17.0,True,['Sci-Fi'],Sci-Fi
119,Metropolis,1927,8.3,196209,2h 33m,Not Rated,"In a futuristic city sharply divided between the working class and the city planners, the son of the city&apos;s mastermind falls in love with a working-class prophet who predicts the coming of a savior to mediate their differences.",https://www.imdb.com/title/tt0017136/,,False,['Romance'],Romance
120,Oppenheimer,2023,8.3,922828,3h,R,"A dramatization of the life story of J. Robert Oppenheimer, the physicist who had a large hand in the development of the atomic bombs that brought an end to World War II.",https://www.imdb.com/title/tt15398776/,17.0,True,"['Drama', 'War']",Drama
121,Snatch,2000,8.2,953536,1h 42m,R,"Unscrupulous boxing promoters, violent bookmakers, a Russian gangster, incompetent amateur robbers and supposedly Jewish jewelers fight to track down a priceless stolen diamond.",https://www.imdb.com/title/tt0208092/,17.0,True,"['Action', 'Crime']",Action
122,1917,2019,8.2,738911,1h 59m,R,"April 6th, 1917. As an infantry battalion assembles to wage war deep in enemy territory, two soldiers are assigned to race against time and deliver a message that will stop 1,600 men from walking straight into a deadly trap.",https://www.imdb.com/title/tt8579674/,17.0,True,"['Action', 'War']",Action
123,The Chaos Class Failed the Class,1975,8.6,27743,1h 35m,,A young and beautiful female teacher starts working in an all boys high school.,https://www.imdb.com/title/tt0252488/,,False,[],Unknown
124,L.A. Confidential,1997,8.2,645935,2h 18m,R,"As corruption grows in 1950s Los Angeles, three policemen - one strait-laced, one brutal, and one sleazy - investigate a series of murders with their own brand of justice.",https://www.imdb.com/title/tt0119488/,17.0,True,['Crime'],Crime
125,Bicycle Thieves,1948,8.2,187475,1h 29m,Not Rated,"In post-war Italy, a working-class man&apos;s bicycle is stolen, endangering his efforts to find work. He and his son set out to find it.",https://www.imdb.com/title/tt0040522/,,False,['War'],War
126,Downfall,2004,8.2,391758,2h 36m,R,"Traudl Junge, the final secretary for Adolf Hitler, tells of the Nazi dictator&apos;s final days in his Berlin bunker at the end of WWII.",https://www.imdb.com/title/tt0363163/,17.0,True,[],Unknown
127,Dangal,2016,8.3,229998,2h 41m,Not Rated,"Mahavir Singh Phogat, a former wrestler, decides to fulfill his dream of winning a gold medal for his country by training his daughters for the Commonwealth Games despite the existing social stigmas.",https://www.imdb.com/title/tt5074352/,,False,[],Unknown
128,The Wolf of Wall Street,2013,8.2,1709185,3h,R,"Based on the true story of Jordan Belfort, from his rise to a wealthy stock-broker living the high life to his fall involving crime, corruption and the federal government.",https://www.imdb.com/title/tt0993846/,17.0,True,"['Drama', 'Crime', 'Documentary']",Drama
129,Hamilton,2020,8.3,130917,2h 40m,PG-13,"The real life of one of America&apos;s foremost founding fathers and first Secretary of the Treasury, Alexander Hamilton. Captured live on Broadway from the Richard Rodgers Theater with the original Broadway cast.",https://www.imdb.com/title/tt8503618/,10.0,False,"['Drama', 'Biography', 'Documentary']",Drama
130,Green Book,2018,8.2,648036,2h 10m,PG-13,A working-class Italian-American bouncer becomes the driver for an African-American classical pianist on a tour of venues through the 1960s American South.,https://www.imdb.com/title/tt6966692/,10.0,False,[],Unknown
131,Taxi Driver,1976,8.2,990539,1h 54m,R,"A mentally unstable veteran works as a nighttime taxi driver in New York City, where the perceived decadence and sleaze fuels his urge for violent action.",https://www.imdb.com/title/tt0075314/,17.0,True,"['Action', 'War']",Action
132,The Truman Show,1998,8.2,1304818,1h 43m,PG,An insurance salesman begins to suspect that his whole life is actually some sort of reality TV show.,https://www.imdb.com/title/tt0120382/,10.0,False,['Drama'],Drama
133,Batman Begins,2005,8.2,1663133,2h 20m,PG-13,"After witnessing his parents&apos; death, billionaire Bruce Wayne learns the art of fighting to confront injustice. When he returns to Gotham as Batman, he must stop a secret society that intends to destroy the city.",https://www.imdb.com/title/tt0372784/,10.0,False,['Action'],Action
134,For a Few Dollars More,1965,8.2,292020,2h 12m,R,Two bounty killers with similar intentions but different motivations team up to take down a psychotic Mexican outlaw before he and his gang can carry out an audacious bank robbery.,https://www.imdb.com/title/tt0059578/,17.0,True,"['Crime', 'Horror', 'Western']",Crime
135,Judgment at Nuremberg,1961,8.3,93034,2h 59m,Approved,"Fictionalized depiction of the 1947 Judges&apos; Trial, the third of 12 trials of Nazi war criminals conducted by the American occupying forces in Nuremberg, Germany, in which former judges of Nazi Germany were tried for their actions.",https://www.imdb.com/title/tt0055031/,,False,"['Action', 'Crime', 'War']",Action
136,Shutter Island,2010,8.2,1570458,2h 18m,R,Two US marshals are sent to a mental institution on an inhospitable island in order to investigate the disappearance of a patient.,https://www.imdb.com/title/tt1130884/,17.0,True,[],Unknown
137,Some Like It Hot,1959,8.2,297870,2h 1m,Approved,"After two male musicians witness a mob hit, they flee the state in an all-female band disguised as women, but further complications set in.",https://www.imdb.com/title/tt0053291/,,False,[],Unknown
138,The Kid,1921,8.2,142561,1h 8m,Passed,"The Tramp cares for an abandoned child, but events put their relationship in jeopardy.",https://www.imdb.com/title/tt0012349/,,False,"['Drama', 'Romance']",Drama
139,Jurassic Park,1993,8.2,1137865,2h 7m,PG-13,"An industrialist invites some experts to visit his theme park of cloned dinosaurs. After a power failure, the creatures run loose, putting everyone&apos;s lives, including his grandchildren&apos;s, in danger.",https://www.imdb.com/title/tt0107290/,10.0,False,[],Unknown
140,The Father,2020,8.2,217586,1h 37m,PG-13,"A man refuses all assistance from his daughter as he ages. When he tries to understand what is happening around him, he begins to doubt his loved ones, his own mind and even the fabric of his reality.",https://www.imdb.com/title/tt10272386/,10.0,False,['Romance'],Romance
141,All About Eve,1950,8.2,146068,2h 18m,Approved,A seemingly timid but secretly ruthless ingénue insinuates herself into the lives of an aging Broadway star and her circle of theater friends.,https://www.imdb.com/title/tt0042192/,,False,[],Unknown
142,There Will Be Blood,2007,8.2,678978,2h 38m,R,"A story of family, religion, hatred, oil and madness, focusing on a turn-of-the-century prospector in the early days of the business.",https://www.imdb.com/title/tt0469494/,17.0,True,['Drama'],Drama
143,The Sixth Sense,1999,8.2,1109569,1h 47m,PG-13,"After being shot by a resentful former patient whom he failed to help, a Philadelphia child psychologist seeks redemption by treating a young boy with a disturbing secret.",https://www.imdb.com/title/tt0167404/,10.0,False,[],Unknown
144,Ran,1985,8.2,146005,2h 40m,R,"In Medieval Japan, an elderly warlord retires, handing over his empire to his three sons. However, he vastly underestimates how the new-found power will corrupt them and cause them to turn on each other...and him.",https://www.imdb.com/title/tt0089881/,17.0,True,"['Crime', 'History', 'War']",Crime
145,Casino,1995,8.2,599094,2h 58m,R,"In Las Vegas, two best friends--a casino executive and a Mafia enforcer--compete for a gambling empire and a fast-living, fast-loving socialite.",https://www.imdb.com/title/tt0112641/,17.0,True,"['Crime', 'History']",Crime
146,Top Gun: Maverick,2022,8.2,796413,2h 10m,PG-13,"The story involves Maverick confronting his past while training a group of younger Top Gun graduates, including the son of his deceased best friend, for a dangerous mission.",https://www.imdb.com/title/tt1745960/,10.0,False,['Action'],Action
147,No Country for Old Men,2007,8.2,1139328,2h 2m,R,Violence and mayhem ensue after a hunter stumbles upon the aftermath of a drug deal gone wrong and over two million dollars in cash near the Rio Grande.,https://www.imdb.com/title/tt0477348/,17.0,True,[],Unknown
148,The Thing,1982,8.2,504920,1h 49m,R,A research team in Antarctica is hunted by a shape-shifting alien that assumes the appearance of its victims.,https://www.imdb.com/title/tt0084787/,17.0,True,['Sci-Fi'],Sci-Fi
149,Unforgiven,1992,8.2,458214,2h 10m,R,Retired Old West gunslinger Will Munny reluctantly takes on one last job to avenge an injustice with the help of his old partner and a young would-be gunman calling himself &quot;The Schofield Kid&quot;.,https://www.imdb.com/title/tt0105695/,17.0,True,['Action'],Action
150,Pan's Labyrinth,2006,8.2,729788,1h 58m,R,"In 1944 Spain, a girl is sent to live with her ruthless stepfather. During the night, she meets a fairy who takes her to an old faun. He tells her she&apos;s a princess, but must prove her royalty by surviving three gruesome tasks.",https://www.imdb.com/title/tt0457430/,17.0,True,['Fantasy'],Fantasy
151,Kill Bill: Vol. 1,2003,8.2,1262910,1h 51m,R,"After waking from a four-year coma, a former assassin wreaks vengeance on the team of assassins who betrayed her.",https://www.imdb.com/title/tt0266697/,17.0,True,['Action'],Action
152,A Beautiful Mind,2001,8.2,1029817,2h 15m,PG-13,"A mathematical genius, John Nash made an astonishing discovery early in his career and stood on the brink of international acclaim. But the handsome and arrogant Nash soon found himself on a harrowing journey of self-discovery.",https://www.imdb.com/title/tt0268978/,10.0,False,['Drama'],Drama
153,Prisoners,2013,8.2,887061,2h 33m,R,A desperate father takes the law into his own hands after police fail to find two kidnapped girls.,https://www.imdb.com/title/tt1392214/,17.0,True,['Crime'],Crime
154,The Treasure of the Sierra Madre,1948,8.2,138570,2h 6m,Approved,Two down-on-their-luck Americans searching for work in 1920s Mexico convince an old prospector to help them mine for gold in the Sierra Madre Mountains.,https://www.imdb.com/title/tt0040897/,,False,[],Unknown
155,The Best of Youth,2003,8.5,25809,6h 14m,R,An Italian epic that follows the lives of two brothers from the 1960s to the 2000s.,https://www.imdb.com/title/tt0346336/,17.0,True,[],Unknown
156,Yojimbo,1961,8.2,139350,1h 50m,Not Rated,A crafty ronin comes to a town divided by two criminal gangs and decides to play them against each other to free the town.,https://www.imdb.com/title/tt0055630/,,False,['Crime'],Crime
157,Finding Nemo,2003,8.2,1171840,1h 40m,G,"After his son is captured in the Great Barrier Reef and taken to Sydney, a timid clownfish sets out on a journey to bring him home.",https://www.imdb.com/title/tt0266543/,0.0,False,['Drama'],Drama
158,Howl's Moving Castle,2004,8.2,490627,1h 59m,PG,"When an unconfident young woman is cursed with an old body by a spiteful witch, her only chance of breaking the spell lies with a self-indulgent yet insecure young wizard and his companions in his legged, walking castle.",https://www.imdb.com/title/tt0347149/,10.0,False,['Fantasy'],Fantasy
159,The Great Escape,1963,8.2,271103,2h 52m,Approved,Allied officers in a German prisoner of war camp during World War II make a daring plan for a mass escape by hundreds of POWs hoping to draw German personnel and resources away from combat operations.,https://www.imdb.com/title/tt0057115/,,False,"['Action', 'War']",Action
160,Monty Python and the Holy Grail,1975,8.2,592171,1h 31m,PG,"King Arthur and his Knights of the Round Table embark on a surreal, low-budget search for the Holy Grail, encountering many, very silly obstacles.",https://www.imdb.com/title/tt0071853/,10.0,False,[],Unknown
161,The Elephant Man,1980,8.2,275387,2h 4m,PG,"A Victorian surgeon rescues a heavily-disfigured and mistreated young man working as a sideshow freak, who gradually reveals his capacity for kindness, intelligence and sophistication.",https://www.imdb.com/title/tt0080678/,10.0,False,[],Unknown
162,Klaus,2019,8.2,218170,1h 36m,PG,"A simple act of kindness always sparks another, even in a frozen, faraway place. When Smeerensburg&apos;s new postman, Jesper, befriends toymaker Klaus, their gifts melt an age-old feud and deliver a sleigh full of holiday traditions.",https://www.imdb.com/title/tt4729430/,10.0,False,[],Unknown
163,Dial M for Murder,1954,8.2,199776,1h 45m,PG,"A London playboy plots the perfect murder of his rich, unfaithful Wife.",https://www.imdb.com/title/tt0046912/,10.0,False,['Crime'],Crime
164,Gone with the Wind,1939,8.2,349237,3h 58m,G,A sheltered and manipulative Southern belle and a roguish profiteer face off in a turbulent romance as the society around them crumbles with the end of slavery and is rebuilt during the Civil War and Reconstruction periods.,https://www.imdb.com/title/tt0031381/,0.0,False,"['Romance', 'History', 'War']",Romance
165,The Secret in Their Eyes,2009,8.2,235409,2h 9m,R,"A retired legal counselor writes a novel hoping to find closure for one of his past unresolved homicide cases, and for his unreciprocated love with his superior--both of which still haunt him decades later.",https://www.imdb.com/title/tt1305806/,17.0,True,"['Romance', 'Horror']",Romance
166,Chinatown,1974,8.1,368363,2h 10m,R,"A private detective hired to expose an adulterer in 1930s Los Angeles finds himself caught up in a web of deceit, corruption, and murder.",https://www.imdb.com/title/tt0071315/,17.0,True,"['Crime', 'Mystery']",Crime
167,"Lock, Stock and Two Smoking Barrels",1998,8.1,638962,1h 47m,R,"When four small-time criminals lose a rigged poker game against a London kingpin, he gives them one week to settle their enormous debt.",https://www.imdb.com/title/tt0120735/,17.0,True,['Crime'],Crime
168,Rashomon,1950,8.1,191440,1h 28m,Not Rated,"The rape of a bride and the murder of her samurai husband are recalled from the perspectives of a bandit, the bride, the samurai&apos;s ghost and a woodcutter.",https://www.imdb.com/title/tt0042876/,,False,"['Crime', 'Horror']",Crime
169,V for Vendetta,2005,8.1,1222790,2h 12m,R,"In a future British dystopian society, a shadowy freedom fighter, known only by the alias of &quot;V&quot;, plots to overthrow the tyrannical government - with the help of a young woman.",https://www.imdb.com/title/tt0434409/,17.0,True,"['Action', 'Sci-Fi']",Action
170,Inside Out,2015,8.1,879326,1h 35m,PG,"After young Riley is uprooted from her Midwest life and moved to San Francisco, her emotions - Joy, Fear, Anger, Disgust and Sadness - conflict on how best to navigate a new city, house, and school.",https://www.imdb.com/title/tt2096673/,10.0,False,['Drama'],Drama
171,"Three Billboards Outside Ebbing, Missouri",2017,8.1,588803,1h 55m,R,A mother personally challenges the local authorities to solve her daughter&apos;s murder when they fail to catch the culprit.,https://www.imdb.com/title/tt5027774/,17.0,True,['Crime'],Crime
172,Catch Me If You Can,2002,8.1,1181123,2h 21m,PG-13,"Barely 17 yet, Frank is a skilled forger who has passed as a doctor, lawyer and pilot. FBI agent Carl becomes obsessed with tracking down the con man, who only revels in the pursuit.",https://www.imdb.com/title/tt0264464/,10.0,False,[],Unknown
173,Trainspotting,1996,8.1,754685,1h 33m,R,"Renton, deeply immersed in the Edinburgh drug scene, tries to clean up and get out despite the allure of drugs and the influence of friends.",https://www.imdb.com/title/tt0117951/,17.0,True,[],Unknown
174,The Bridge on the River Kwai,1957,8.1,244065,2h 41m,PG,"British POWs are forced to build a railway bridge across the river Kwai for their Japanese captors in occupied Burma, not knowing that the allied forces are planning a daring commando raid through the jungle to destroy it.",https://www.imdb.com/title/tt0050212/,10.0,False,[],Unknown
175,Raging Bull,1980,8.1,398996,2h 9m,R,"The life of boxer Jake LaMotta, whose violence and temper that led him to the top in the ring destroyed his life outside of it.",https://www.imdb.com/title/tt0081398/,17.0,True,"['Drama', 'Biography']",Drama
176,The Wild Robot,2024,8.2,191365,1h 42m,PG,"After a shipwreck, an intelligent robot called Roz is stranded on an uninhabited island. To survive the harsh environment, Roz bonds with the island&apos;s animals and cares for an orphaned baby goose.",https://www.imdb.com/title/tt29623480/,10.0,False,['Sci-Fi'],Sci-Fi
177,Harry Potter and the Deathly Hallows: Part 2,2011,8.1,1008873,2h 10m,PG-13,"As the battle between the forces of good and evil in the wizarding world escalates, Harry Potter draws ever closer to his final confrontation with Voldemort.",https://www.imdb.com/title/tt1201607/,10.0,False,"['Action', 'Fantasy', 'War']",Action
178,Fargo,1996,8.1,762789,1h 38m,R,Minnesota car salesman Jerry Lundegaard&apos;s inept crime falls apart due to his and his henchmen&apos;s bungling and the persistent police work of the quite pregnant Marge Gunderson.,https://www.imdb.com/title/tt0116282/,17.0,True,"['Action', 'Crime']",Action
179,Warrior,2011,8.1,518430,2h 20m,PG-13,"The youngest son of an alcoholic former boxer returns home, where he&apos;s trained by his father for competition in a mixed martial arts tournament - a path that puts the fighter on a collision course with his estranged, older brother.",https://www.imdb.com/title/tt1291584/,10.0,False,['Action'],Action
180,Gran Torino,2008,8.1,845192,1h 56m,R,"After a Hmong teenager tries to steal his prized 1972 Gran Torino, a disgruntled, prejudiced Korean War veteran seeks to redeem both the boy and himself.",https://www.imdb.com/title/tt1205489/,17.0,True,['War'],War
181,Million Dollar Baby,2004,8.1,751471,2h 12m,PG-13,"Frankie, an ill-tempered old coach, reluctantly agrees to train aspiring boxer Maggie. Impressed with her determination and talent, he helps her become the best and the two soon form a close bond.",https://www.imdb.com/title/tt0405159/,10.0,False,[],Unknown
182,Ben-Hur,1959,8.1,265537,3h 32m,G,"A Jewish prince is betrayed and sent into slavery by a Roman friend in 1st-century Jerusalem, but it&apos;s not long before he regains his freedom and comes back for revenge.",https://www.imdb.com/title/tt0052618/,0.0,False,[],Unknown
183,Mad Max: Fury Road,2015,8.1,1176316,2h,R,"In a post-apocalyptic wasteland, a woman rebels against a tyrannical ruler in search for her homeland with the aid of a group of female prisoners, a psychotic worshipper and a drifter named Max.",https://www.imdb.com/title/tt1392190/,17.0,True,[],Unknown
184,Dead Poets Society,1989,8.1,602597,2h 8m,PG,"Maverick teacher John Keating returns in 1959 to the prestigious New England boys&apos; boarding school where he was once a star student, using poetry to embolden his pupils to new heights of self-expression.",https://www.imdb.com/title/tt0097165/,10.0,False,[],Unknown
185,My Neighbor Totoro,1988,8.1,413922,1h 26m,G,"When two girls move to the country to be near their ailing mother, they have adventures with the wondrous forest spirits who live nearby.",https://www.imdb.com/title/tt0096283/,0.0,False,[],Unknown
186,Barry Lyndon,1975,8.1,196381,3h 5m,PG,An Irish rogue wins the heart of a rich widow and assumes her dead husband&apos;s aristocratic position in 18th-century England.,https://www.imdb.com/title/tt0072684/,10.0,False,['Romance'],Romance
187,Children of Heaven,1997,8.2,87047,1h 29m,PG,"After a boy loses his sister&apos;s pair of shoes, he goes on a series of adventures in order to find them. When he can&apos;t, he tries a new way to &quot;win&quot; a new pair.",https://www.imdb.com/title/tt0118849/,10.0,False,[],Unknown
188,Hacksaw Ridge,2016,8.1,647834,2h 19m,R,"World War II American Army Medic Desmond T. Doss, serving during the Battle of Okinawa, refuses to kill people and becomes the first man in American history to receive the Medal of Honor without firing a shot.",https://www.imdb.com/title/tt2119532/,17.0,True,"['Action', 'History', 'War']",Action
189,The Grand Budapest Hotel,2014,8.1,936656,1h 39m,R,"A writer encounters the owner of an aging high-class hotel, who tells him of his early years serving as a lobby boy in the hotel&apos;s glorious years under an exceptional concierge.",https://www.imdb.com/title/tt2278388/,17.0,True,[],Unknown
190,12 Years a Slave,2013,8.1,769986,2h 14m,R,"In the antebellum United States, Solomon Northup, a free black man from upstate New York, is abducted and sold into slavery.",https://www.imdb.com/title/tt2024544/,17.0,True,[],Unknown
191,Spider-Man: No Way Home,2021,8.2,969292,2h 28m,PG-13,"With Spider-Man&apos;s identity now revealed, Peter asks Doctor Strange for help. When a spell goes wrong, dangerous foes from other worlds start to appear.",https://www.imdb.com/title/tt10872600/,10.0,False,[],Unknown
192,Before Sunrise,1995,8.1,363873,1h 41m,R,"A young man and woman meet on a train in Europe, and wind up spending one evening together in Vienna. Unfortunately, both know that this will probably be their only night together.",https://www.imdb.com/title/tt0112471/,17.0,True,[],Unknown
193,Blade Runner,1982,8.1,860638,1h 57m,R,A blade runner must pursue and terminate four replicants who stole a ship in space and have returned to Earth to find their creator.,https://www.imdb.com/title/tt0083658/,17.0,True,['Sci-Fi'],Sci-Fi
194,Memories of Murder,2003,8.1,248065,2h 12m,Not Rated,"In a small Korean province in 1986, two detectives struggle with the case of multiple young women being found raped and murdered by an unknown culprit.",https://www.imdb.com/title/tt0353969/,,False,"['Drama', 'Crime', 'Mystery']",Drama
195,Gone Girl,2014,8.1,1132691,2h 29m,R,The husband of a missing woman becomes the chief suspect in her disappearance.,https://www.imdb.com/title/tt2267998/,17.0,True,[],Unknown
196,Ratatouille,2007,8.1,899972,1h 51m,G,A rat who can cook makes an unusual alliance with a young kitchen worker at a famous Paris restaurant.,https://www.imdb.com/title/tt0382932/,0.0,False,[],Unknown
197,How to Train Your Dragon,2010,8.1,861785,1h 38m,PG,"A hapless young Viking who aspires to hunt dragons becomes the unlikely friend of a young dragon himself, and learns there may be more to the creatures than he assumed.",https://www.imdb.com/title/tt0892769/,10.0,False,['Fantasy'],Fantasy
198,"Monsters, Inc.",2001,8.1,1039211,1h 32m,G,"In order to power the city, monsters have to scare children so that they scream. However, the children are toxic to the monsters, and after a child gets through, two monsters realize things may not be what they think.",https://www.imdb.com/title/tt0198781/,0.0,False,['Horror'],Horror
199,In the Name of the Father,1993,8.1,197921,2h 13m,R,"An Irish man&apos;s coerced confession to an I.R.A. bombing he did not commit results in the imprisonment of his father as well. Meanwhile, a British lawyer fights to clear their names and free them.",https://www.imdb.com/title/tt0107207/,17.0,True,['Action'],Action
200,Jaws,1975,8.1,709674,2h 4m,PG,"When a massive killer shark unleashes chaos on a beach community off Long Island, it&apos;s up to the local police chief, a marine biologist, and an old seafarer to hunt the beast down.",https://www.imdb.com/title/tt0073195/,10.0,False,"['Crime', 'Horror']",Crime
201,Wild Tales,2014,8.1,231178,2h 2m,R,Six short stories that explore the extremities of human behavior involving people in distress.,https://www.imdb.com/title/tt3011894/,17.0,True,[],Unknown
202,The Gold Rush,1925,8.1,125419,1h 35m,Approved,"A prospector goes to the Klondike during the 1890s gold rush in hopes of making his fortune, and is smitten with a girl he sees in a dance hall.",https://www.imdb.com/title/tt0015864/,,False,['Musical'],Musical
203,Ford v Ferrari,2019,8.1,536749,2h 32m,PG-13,American car designer Carroll Shelby and driver Ken Miles battle corporate interference and the laws of physics to build a revolutionary race car for Ford in order to defeat Ferrari at the 24 Hours of Le Mans in 1966.,https://www.imdb.com/title/tt1950186/,10.0,False,"['Action', 'History', 'War']",Action
204,Sherlock Jr.,1924,8.1,63168,45m,Passed,"A film projectionist longs to be a detective, and puts his meagre skills to work when he is framed by a rival for stealing his girlfriend&apos;s father&apos;s pocketwatch.",https://www.imdb.com/title/tt0015324/,,False,"['Crime', 'Mystery']",Crime
205,Mary and Max,2009,8.1,197820,1h 32m,Not Rated,"In 1976 Melbourne, a lonely 8-year-old girl strikes up a correspondence with an unlikely pen pal: a severely obese 44-year-old New Yorker with Asperger&apos;s syndrome.",https://www.imdb.com/title/tt0978762/,,False,[],Unknown
206,The Deer Hunter,1978,8.1,378535,3h 3m,R,The lives of a group of friends are forever changed by the Vietnam War.,https://www.imdb.com/title/tt0077416/,17.0,True,['War'],War
207,The Wages of Fear,1953,8.1,71427,2h 36m,Not Rated,"In a decrepit South American village, four men are hired to transport an urgent nitroglycerine shipment without the equipment that would make it safe.",https://www.imdb.com/title/tt0046268/,,False,[],Unknown
208,The General,1926,8.1,103738,1h 18m,Passed,"After being rejected by the Confederate military, not realizing it was due to his crucial civilian role, an engineer must single-handedly recapture his beloved locomotive after it is seized by Union spies and return it through ene...",https://www.imdb.com/title/tt0017925/,,False,"['Romance', 'War']",Romance
209,Mr. Smith Goes to Washington,1939,8.1,127059,2h 9m,Approved,"A naive youth leader is appointed to fill a vacancy in the U.S. Senate. His idealistic plans promptly collide with corruption at home and subterfuge from his hero in Washington, but he tries to forge ahead despite attacks on his c...",https://www.imdb.com/title/tt0031679/,,False,['Crime'],Crime
210,On the Waterfront,1954,8.1,174046,1h 48m,Approved,"An ex-prize fighter turned New Jersey longshoreman struggles to stand up to his corrupt union bosses, including his older brother, as he starts to connect with the grieving sister of one of the syndicate&apos;s victims.",https://www.imdb.com/title/tt0047296/,,False,"['Action', 'Drama', 'Crime']",Action
211,Logan,2017,8.1,899878,2h 17m,R,"In a future where mutants are nearly extinct, an elderly and weary Logan leads a quiet life. But when Laura, a mutant child pursued by scientists, comes to him for help, he must get her to safety.",https://www.imdb.com/title/tt3315342/,17.0,True,"['Drama', 'Sci-Fi']",Drama
212,Rocky,1976,8.1,667435,2h,PG,A small-time Philadelphia boxer gets a supremely rare chance to fight the world heavyweight champion in a bout in which he strives to go the distance for his self-respect.,https://www.imdb.com/title/tt0075148/,10.0,False,['Action'],Action
213,Wild Strawberries,1957,8.1,121710,1h 32m,Not Rated,"After living a life marked by coldness, an aging professor is forced to confront the emptiness of his existence.",https://www.imdb.com/title/tt0050986/,,False,['Drama'],Drama
214,Tokyo Story,1953,8.1,75112,2h 17m,Not Rated,"An old couple visit their children and grandchildren in the city, but receive little attention.",https://www.imdb.com/title/tt0046438/,,False,[],Unknown
215,The Third Man,1949,8.1,191195,1h 44m,Approved,"Pulp novelist Holly Martins travels to shadowy, postwar Vienna, only to find himself investigating the mysterious death of an old friend, Harry Lime.",https://www.imdb.com/title/tt0041959/,,False,"['War', 'Mystery']",War
216,Spotlight,2015,8.1,522944,2h 9m,R,"The true story of how the Boston Globe uncovered the massive scandal of child molestation and cover-up within the local Catholic Archdiocese, shaking the entire Catholic Church to its core.",https://www.imdb.com/title/tt1895587/,17.0,True,['Documentary'],Documentary
217,Maharaja,2024,8.4,72542,2h 21m,,"A barber seeks vengeance after his home is burglarized, cryptically telling police his &quot;lakshmi&quot; has been taken, leaving them uncertain if it&apos;s a person or object. His quest to recover the elusive &quot;lakshmi&quot; unfolds.",https://www.imdb.com/title/tt26548265/,,False,['Crime'],Crime
218,Pirates of the Caribbean: The Curse of the Black Pearl,2003,8.1,1280530,2h 23m,PG-13,"Blacksmith Will Turner teams up with eccentric pirate &quot;Captain&quot; Jack Sparrow to save Elizabeth Swann, the governor&apos;s daughter and his love, from Jack&apos;s former pirate allies, who are now undead.",https://www.imdb.com/title/tt0325980/,10.0,False,['Romance'],Romance
219,The Terminator,1984,8.1,974155,1h 47m,R,A cyborg assassin from the future attempts to find and kill a young woman who is destined to give birth to a warrior that will lead a resistance to save humankind from extinction.,https://www.imdb.com/title/tt0088247/,17.0,True,"['Action', 'Sci-Fi', 'War']",Action
220,The Big Lebowski,1998,8.1,897230,1h 57m,R,"Jeff &quot;The Dude&quot; Lebowski, mistaken for a millionaire of the same name, seeks restitution for his ruined rug and enlists his bowling buddies to help get it.",https://www.imdb.com/title/tt0118715/,17.0,True,[],Unknown
221,La haine,1995,8.1,215378,1h 38m,Not Rated,24 hours in the lives of three young men in the French suburbs the day after a violent riot.,https://www.imdb.com/title/tt0113247/,,False,[],Unknown
222,The Seventh Seal,1957,8.1,210802,1h 36m,Not Rated,"A knight returning to Sweden after the Crusades seeks answers about life, death, and the existence of God as he plays chess against the Grim Reaper during the Black Plague.",https://www.imdb.com/title/tt0050976/,,False,['Drama'],Drama
223,Room,2015,8.1,471209,1h 58m,R,"A little boy is held captive in a room with his mother since his birth, so he has never known the world outside.",https://www.imdb.com/title/tt3170832/,17.0,True,[],Unknown
224,Jai Bhim,2021,8.6,228291,2h 44m,Approved,"When a tribal man is arrested for a case of alleged theft, his wife turns to a human-rights lawyer to help bring justice.",https://www.imdb.com/title/tt15097216/,,False,[],Unknown
225,Hotel Rwanda,2004,8.1,386024,2h 1m,PG-13,"Paul Rusesabagina, a hotel manager, houses over a thousand Tutsi refugees during their struggle against the Hutu militia in Rwanda, Africa.",https://www.imdb.com/title/tt0395169/,10.0,False,['Drama'],Drama
226,Platoon,1986,8.1,460235,2h,R,"Chris Taylor, a neophyte recruit in Vietnam, finds himself caught in a battle of wills between two sergeants, one good and the other evil. A shrewd examination of the brutality of war and the duality of man in conflict.",https://www.imdb.com/title/tt0091763/,17.0,True,"['Action', 'War']",Action
227,The Best Years of Our Lives,1946,8.1,75523,2h 50m,Approved,"Three World War II veterans, two of them traumatized or disabled, return home to the American Midwest to discover that they and their families have been irreparably changed.",https://www.imdb.com/title/tt0036868/,,False,['War'],War
228,Before Sunset,2004,8.1,305500,1h 20m,R,"Nine years after Jesse and Celine first met, they encounter each other again on the French leg of Jesse&apos;s book tour.",https://www.imdb.com/title/tt0381681/,17.0,True,[],Unknown
229,The Sound of Music,1965,8.1,280204,2h 52m,G,A young novice is sent by her convent in 1930s Austria to become a governess to the seven children of a widowed naval officer.,https://www.imdb.com/title/tt0059742/,0.0,False,[],Unknown
230,The Exorcist,1973,8.1,482881,2h 2m,R,"When a mysterious entity possesses a young girl, her mother seeks the help of two Catholic priests to save her life.",https://www.imdb.com/title/tt0070047/,17.0,True,"['Drama', 'Mystery']",Drama
231,The Incredibles,2004,8.0,866374,1h 55m,PG,"While trying to lead a quiet suburban life, a family of undercover superheroes are forced into action to save the world.",https://www.imdb.com/title/tt0317705/,10.0,False,"['Action', 'Drama']",Action
232,Hachi: A Dog's Tale,2009,8.1,331942,1h 33m,G,"Professor Wilson discovers a lost Akita puppy on his way home. Despite objections from his wife, Hachi endears himself to the family and grows to be Parker&apos;s loyal companion. As their bond grows deeper, a beautiful relationship un...",https://www.imdb.com/title/tt1028532/,0.0,False,"['Drama', 'Romance']",Drama
233,Rush,2013,8.1,541999,2h 3m,R,"James Hunt and Niki Lauda, two extremely skilled Formula One racers, have an intense rivalry with each other. However, it is their enmity that pushes them to their limits.",https://www.imdb.com/title/tt1979320/,17.0,True,[],Unknown
234,The Wizard of Oz,1939,8.1,454578,1h 42m,G,"Young Dorothy Gale and her dog Toto are swept away by a tornado from their Kansas farm to the magical Land of Oz and embark on a quest with three new friends to see the Wizard, who can return her to her home and fulfill the others...",https://www.imdb.com/title/tt0032138/,0.0,False,['Fantasy'],Fantasy
235,The Passion of Joan of Arc,1928,8.1,65988,1h 54m,Passed,"In 1431, Jeanne d&apos;Arc is placed on trial on charges of heresy, and the ecclesiastical jurists attempt to force her to recant her claims of holy visions.",https://www.imdb.com/title/tt0019254/,,False,[],Unknown
236,Stand by Me,1986,8.1,469743,1h 29m,R,A writer recounts a childhood journey with his friends to find the body of a missing boy.,https://www.imdb.com/title/tt0092005/,17.0,True,['Drama'],Drama
237,A Silent Voice: The Movie,2016,8.1,126013,2h 10m,Not Rated,"A deaf girl, Shoko, is bullied by the popular Shoya. As Shoya continues to bully Shoko, the class turns its back on him. Shoko transfers and Shoya grows up as an outcast. Alone and depressed, the regretful Shoya finds Shoko to mak...",https://www.imdb.com/title/tt5323662/,,False,[],Unknown
238,The Iron Giant,1999,8.1,248829,1h 26m,PG,A young boy befriends a giant robot from outer space that a paranoid government agent wants to destroy.,https://www.imdb.com/title/tt0129167/,10.0,False,['Sci-Fi'],Sci-Fi
239,My Father and My Son,2005,8.2,98344,1h 52m,Not Rated,The family of a left-wing journalist is torn apart after the military coup of Turkey in 1980.,https://www.imdb.com/title/tt0476735/,,False,"['Drama', 'War']",Drama
240,Network,1976,8.1,181306,2h 1m,R,"A television network cynically exploits a deranged former anchor&apos;s ravings and revelations about mass media for its own profit, but finds that his message may be difficult to control.",https://www.imdb.com/title/tt0074958/,17.0,True,[],Unknown
241,The Handmaiden,2016,8.1,191893,2h 25m,Not Rated,"In 1930s Korea, a girl is hired as a handmaiden to a Japanese heiress who lives a secluded life on a countryside estate. But the maid has a secret: She is a pickpocket recruited by a swindler to help seduce the Lady and steal her ...",https://www.imdb.com/title/tt4016934/,,False,['Drama'],Drama
242,The Battle of Algiers,1966,8.1,72221,2h 1m,Not Rated,"In the 1950s, fear and violence escalate as the people of Algiers fight for independence from the French government.",https://www.imdb.com/title/tt0058946/,,False,['Action'],Action
243,The Grapes of Wrath,1940,8.1,106130,2h 9m,Approved,"An Oklahoma family, driven off their farm by the poverty and hopelessness of the Dust Bowl, joins the westward migration to California, suffering the misfortunes of the homeless in the Great Depression.",https://www.imdb.com/title/tt0032551/,,False,"['Drama', 'War']",Drama
244,To Be or Not to Be,1942,8.1,47875,1h 39m,Approved,"During the German occupation of Poland, an acting troupe becomes embroiled in a Polish soldier&apos;s efforts to track down a German spy.",https://www.imdb.com/title/tt0035446/,,False,"['Action', 'War']",Action
245,Into the Wild,2007,8.0,683787,2h 28m,R,"After graduating from Emory University, top student and athlete Christopher McCandless abandons his possessions, gives his entire $24,000 savings account to charity and hitchhikes to Alaska to live in the wilderness.",https://www.imdb.com/title/tt0758758/,17.0,True,[],Unknown
246,Groundhog Day,1993,8.0,722733,1h 41m,PG,"A narcissistic, self-centered weatherman finds himself in a time loop on Groundhog Day.",https://www.imdb.com/title/tt0107048/,10.0,False,[],Unknown
247,The Help,2011,8.1,517221,2h 26m,PG-13,"An aspiring author during the civil rights movement of the 1960s decides to write a book detailing the African American maids&apos; point of view on the white families for which they work, and the hardships they go through on a daily b...",https://www.imdb.com/title/tt1454029/,10.0,False,[],Unknown
248,Drishyam,2015,8.2,103138,2h 43m,Not Rated,"Desperate measures are taken by a man who tries to save his family from the dark side of the law, after they commit an unexpected crime.",https://www.imdb.com/title/tt4430212/,,False,"['Drama', 'Crime']",Drama
249,Gangs of Wasseypur,2012,8.2,109337,5h 21m,Not Rated,"A clash between Sultan and Shahid Khan leads to the expulsion of Khan from Wasseypur, and ignites a deadly blood feud spanning three generations.",https://www.imdb.com/title/tt1954470/,,False,[],Unknown
250,Demon Slayer: Kimetsu no Yaiba - The Movie: Mugen Train,2020,8.2,87633,1h 57m,TV-MA,"After his family was brutally murdered and his sister turned into a demon, Tanjiro Kamado&apos;s journey as a demon slayer began. Tanjiro and his comrades embark on a new mission aboard the Mugen Train, on track to despair.",https://www.imdb.com/title/tt11032374/,17.0,True,"['Drama', 'Crime', 'Horror']",Drama
